"Year"	"A"		"W"		"E"		"N"		"H"	"LitterSize"
2016	0.124304021	0.118161304	0.026004717	0.026367432	0.0	0.0
2017	0.276121137	0.064861159	0.051121755	0.029698325	0.0	0.0
2018	0.389510587	0.090381008	0.036224132	0.026166331	0.0	0.0
2019	0.228297454	0.003548645	0.0310605	0.052132239	0.0	0.0
2020	0.389986807	0.063910103	0.094468562	0.005209199	0.0	0.0
2021	0.653748799	0.061242341	0.021964695	0.150766798	0.0	0.0
2022	0.088515101	0.045095086	0.026492366	0.098992966	0.0	0.0
